sample_type,repunit,collection,indiv,Oki100,Oki100,Omm1070,Omm1070,Omy1011,Omy1011,One101,One101,One102,One102,One104,One104,One114,One114,Ots103,Ots103,Ots3,Ots3,Otsg68,Otsg68,Ssa419,Ssa419
mixture,NA,Mix,Mix.1 ,6,6,22,31,11,15,14,26,35,35,14,16,15,32,10,14,15,20,15,39,15,18
mixture,NA,Mix,Mix.2 ,7,9,10,29,9,17,7,18,33,40,17,20,14,18,12,18,13,15,12,12,17,22
mixture,NA,Mix,Mix.3 ,12,25,9,25,12,21,7,8,31,34,18,20,10,19,22,42,18,19,14,18,8,24
mixture,NA,Mix,Mix.4 ,18,19,10,13,20,20,7,8,26,33,13,19,18,24,18,41,16,17,13,15,10,18
mixture,NA,Mix,Mix.5 ,11,13,19,29,17,22,13,14,27,33,11,11,13,15,27,30,15,20,13,20,13,16
mixture,NA,Mix,Mix.6 ,5,6,22,31,12,17,8,28,29,41,11,25,5,18,12,32,10,20,11,11,14,22
mixture,NA,Mix,Mix.7 ,5,5,16,33,16,18,13,23,34,36,11,15,14,15,36,39,20,29,12,13,20,21
mixture,NA,Mix,Mix.8 ,13,17,33,36,18,23,10,10,35,39,16,21,10,13,10,45,11,22,5,20,16,22
mixture,NA,Mix,Mix.9 ,15,18,18,23,21,35,13,13,37,39,9,10,10,15,14,32,20,20,27,37,15,17
mixture,NA,Mix,Mix.10 ,10,12,27,29,14,23,13,30,35,41,3,18,5,16,24,36,14,15,30,38,13,16
mixture,NA,Mix,Mix.11 ,13,22,27,28,9,20,7,13,36,44,17,17,9,18,17,45,13,21,15,27,14,15
mixture,NA,Mix,Mix.12 ,18,18,18,26,20,22,7,20,29,30,14,20,12,24,24,26,12,14,5,13,13,14
mixture,NA,Mix,Mix.13 ,NA,NA,19,29,13,17,7,9,38,39,14,20,11,22,13,14,11,15,19,32,19,21
mixture,NA,Mix,Mix.14 ,11,14,20,35,14,17,8,16,32,38,12,13,14,16,8,31,10,15,14,37,19,20
mixture,NA,Mix,Mix.15 ,6,6,15,24,16,16,8,32,34,34,13,15,6,12,11,14,10,12,13,40,16,19
mixture,NA,Mix,Mix.16 ,11,16,12,23,19,25,7,37,31,35,6,11,12,14,15,29,15,18,9,32,14,17
mixture,NA,Mix,Mix.17 ,6,15,21,29,12,20,8,25,31,35,14,15,16,20,24,36,10,15,16,22,15,16
mixture,NA,Mix,Mix.18 ,15,19,8,12,14,18,13,13,35,44,9,10,17,27,12,17,12,17,20,49,13,21
mixture,NA,Mix,Mix.19 ,6,13,19,23,15,18,19,19,37,39,16,18,12,16,12,36,10,18,19,46,15,15
mixture,NA,Mix,Mix.20 ,13,18,19,30,13,17,NA,NA,30,34,9,9,5,7,10,15,15,20,27,30,15,16
mixture,NA,Mix,Mix.21 ,4,9,14,18,14,17,13,27,29,41,11,18,17,22,26,40,11,14,13,35,12,14
mixture,NA,Mix,Mix.22 ,9,20,18,20,17,25,14,16,33,42,13,21,16,31,9,15,15,20,20,38,15,16
mixture,NA,Mix,Mix.23 ,6,6,18,24,12,23,15,16,31,33,6,19,15,16,16,19,13,18,13,13,16,22
mixture,NA,Mix,Mix.24 ,13,15,24,27,15,34,14,14,32,39,7,26,14,15,12,31,15,18,12,33,14,15
mixture,NA,Mix,Mix.25 ,10,12,21,25,16,16,7,7,27,40,8,16,11,34,10,10,15,20,14,40,15,28
mixture,NA,Mix,Mix.26 ,6,11,14,14,11,14,8,16,32,39,11,19,13,18,13,36,12,20,11,33,12,17
mixture,NA,Mix,Mix.27 ,9,17,12,27,14,18,20,24,30,34,17,20,5,17,28,41,16,20,12,34,15,15
mixture,NA,Mix,Mix.28 ,12,15,16,36,18,44,8,30,31,34,13,24,16,18,21,38,12,15,10,14,16,21
mixture,NA,Mix,Mix.29 ,6,10,21,35,15,17,NA,NA,NA,NA,6,15,14,16,11,30,15,15,18,25,16,18
mixture,NA,Mix,Mix.30 ,9,18,8,27,17,25,14,16,37,38,16,23,11,16,13,24,20,21,11,11,15,17
mixture,NA,Mix,Mix.31 ,17,23,24,31,16,23,7,28,29,32,8,22,13,13,22,29,9,18,13,35,14,24
mixture,NA,Mix,Mix.32 ,5,6,19,27,14,24,15,15,31,35,7,19,13,16,30,31,15,20,13,14,14,19
mixture,NA,Mix,Mix.33 ,15,21,19,31,NA,NA,7,39,30,37,22,25,9,9,11,31,15,20,15,21,11,21
mixture,NA,Mix,Mix.34 ,9,12,11,12,16,25,19,32,32,34,10,15,14,17,10,11,20,20,12,19,14,19
mixture,NA,Mix,Mix.35 ,10,22,24,26,17,20,14,16,29,30,14,21,11,13,9,27,14,20,31,38,15,18
mixture,NA,Mix,Mix.36 ,14,23,13,33,15,17,7,10,29,41,13,13,10,24,35,47,13,18,17,49,16,21
mixture,NA,Mix,Mix.37 ,10,15,12,23,13,24,8,13,36,36,19,20,9,28,29,49,11,18,14,27,14,21
mixture,NA,Mix,Mix.38 ,6,10,17,19,18,23,8,8,33,33,9,24,10,17,30,38,17,21,11,20,14,21
mixture,NA,Mix,Mix.39 ,14,18,20,32,11,18,7,10,41,44,19,19,9,35,7,17,11,17,19,20,13,14
mixture,NA,Mix,Mix.40 ,13,15,27,33,24,27,7,7,33,40,21,22,16,18,8,10,15,15,18,18,15,21
mixture,NA,Mix,Mix.41 ,17,18,19,20,27,27,7,22,32,41,13,21,15,27,10,40,13,29,16,17,14,24
mixture,NA,Mix,Mix.42 ,6,11,10,37,21,31,8,8,35,39,15,21,11,13,9,38,15,23,11,39,13,15
mixture,NA,Mix,Mix.43 ,6,10,18,22,12,16,14,31,38,42,10,14,10,21,25,33,10,19,21,41,15,15
mixture,NA,Mix,Mix.44 ,6,6,24,28,14,16,14,18,31,35,12,21,10,17,34,35,15,21,13,13,17,17
mixture,NA,Mix,Mix.45 ,11,12,18,23,12,23,12,15,34,36,12,12,5,9,10,17,10,14,19,45,14,16
mixture,NA,Mix,Mix.46 ,6,11,23,24,17,27,7,19,30,37,9,24,17,20,32,36,11,20,26,27,17,19
mixture,NA,Mix,Mix.47 ,9,15,18,27,11,22,13,15,32,36,6,22,15,21,12,20,10,21,15,26,15,17
mixture,NA,Mix,Mix.48 ,9,23,19,25,17,25,15,23,32,38,10,17,16,18,16,28,18,20,10,33,13,15
mixture,NA,Mix,Mix.49 ,9,12,22,28,15,17,13,19,33,33,11,22,15,26,11,34,17,20,10,18,22,24
mixture,NA,Mix,Mix.50 ,13,13,32,39,14,15,13,14,30,33,10,22,12,15,13,24,20,21,13,25,16,16
mixture,NA,Mix,Mix.51 ,8,15,12,25,22,25,7,9,33,34,28,32,10,18,9,28,13,16,10,20,15,15
mixture,NA,Mix,Mix.52 ,5,10,26,27,24,27,14,17,36,49,19,24,11,15,8,29,15,15,9,18,16,16
mixture,NA,Mix,Mix.53 ,10,13,19,28,23,27,7,20,34,35,15,31,10,15,14,26,15,19,18,42,15,17
mixture,NA,Mix,Mix.54 ,6,12,10,14,14,27,7,8,31,36,7,7,10,55,9,27,20,20,27,29,15,16
mixture,NA,Mix,Mix.55 ,10,17,21,25,23,27,7,10,31,35,15,19,15,16,28,42,12,20,11,42,14,14
mixture,NA,Mix,Mix.56 ,5,14,20,31,20,26,14,14,31,31,5,13,17,27,16,38,12,15,12,34,15,19
mixture,NA,Mix,Mix.57 ,12,18,14,26,19,27,7,19,21,33,12,15,14,14,13,33,11,11,10,14,15,16
mixture,NA,Mix,Mix.58 ,9,15,30,32,13,15,7,16,30,34,7,13,19,27,8,30,13,15,16,37,15,15
mixture,NA,Mix,Mix.59 ,17,17,8,8,21,22,9,13,37,37,21,27,10,19,12,27,16,20,13,20,17,19
mixture,NA,Mix,Mix.60 ,10,11,17,18,15,25,26,26,31,31,16,18,18,21,15,17,20,24,14,15,16,21
mixture,NA,Mix,Mix.61 ,17,18,27,30,23,28,7,26,30,34,6,7,23,56,29,30,15,22,18,29,18,22
mixture,NA,Mix,Mix.62 ,NA,NA,21,25,16,17,NA,NA,37,41,13,17,10,12,21,25,NA,NA,11,19,14,22
mixture,NA,Mix,Mix.63 ,6,9,32,34,15,19,7,32,33,33,6,23,15,22,13,35,15,20,13,43,17,19
mixture,NA,Mix,Mix.64 ,8,16,21,21,18,19,8,32,30,30,15,19,5,7,27,33,10,15,20,45,15,20
mixture,NA,Mix,Mix.65 ,6,9,28,34,17,18,NA,NA,33,34,18,24,12,17,12,22,10,21,27,49,13,16
mixture,NA,Mix,Mix.66 ,6,7,26,28,12,17,8,14,30,33,17,26,15,18,11,12,14,15,10,11,17,17
mixture,NA,Mix,Mix.67 ,11,14,24,31,18,18,NA,NA,33,38,17,28,11,17,13,35,10,10,21,34,14,14
mixture,NA,Mix,Mix.68 ,11,11,5,11,20,25,7,10,30,32,19,24,9,9,13,20,18,22,17,20,15,15
mixture,NA,Mix,Mix.69 ,10,13,13,28,26,30,13,22,35,40,6,17,15,15,28,39,18,22,12,12,15,17
mixture,NA,Mix,Mix.70 ,6,9,15,26,27,29,21,24,34,39,6,17,17,19,12,29,15,15,14,16,14,15
mixture,NA,Mix,Mix.71 ,14,25,21,29,16,21,7,7,29,38,14,26,15,27,29,43,15,19,28,28,13,16
mixture,NA,Mix,Mix.72 ,9,16,14,31,15,31,7,19,31,36,7,11,13,26,14,30,15,15,34,41,12,18
mixture,NA,Mix,Mix.73 ,13,14,27,30,21,24,13,16,34,38,20,28,9,21,14,26,13,18,11,37,13,13
mixture,NA,Mix,Mix.74 ,9,15,22,35,11,23,7,17,30,30,8,12,11,18,30,34,10,15,21,30,14,17
mixture,NA,Mix,Mix.75 ,13,21,10,28,22,33,11,12,35,37,14,20,14,14,12,42,10,15,11,18,15,15
mixture,NA,Mix,Mix.76 ,6,18,19,27,15,15,13,15,27,33,9,15,9,12,13,16,20,20,11,15,14,15
mixture,NA,Mix,Mix.77 ,6,8,18,34,17,17,7,13,27,31,7,24,9,12,9,12,13,15,18,25,13,14
mixture,NA,Mix,Mix.78 ,7,11,22,29,15,24,NA,NA,NA,NA,8,11,7,12,28,31,15,20,13,34,14,19
mixture,NA,Mix,Mix.79 ,6,13,11,22,24,24,8,14,36,41,6,16,16,17,12,23,15,20,10,14,13,14
mixture,NA,Mix,Mix.80 ,6,8,15,28,20,26,7,15,33,36,6,23,14,18,28,28,20,20,10,13,16,17
mixture,NA,Mix,Mix.81 ,12,14,15,35,17,18,7,15,36,38,9,27,5,18,14,14,10,18,13,41,14,14
mixture,NA,Mix,Mix.82 ,11,20,20,31,17,18,NA,NA,33,36,10,19,17,29,10,23,10,15,25,47,16,23
mixture,NA,Mix,Mix.83 ,11,12,12,33,14,15,13,15,34,38,6,17,11,17,28,31,16,20,32,32,12,14
mixture,NA,Mix,Mix.84 ,6,7,13,15,13,18,16,37,32,37,16,16,8,11,10,12,18,19,18,34,13,16
mixture,NA,Mix,Mix.85 ,6,11,14,16,10,17,7,16,32,37,11,17,14,15,13,33,12,18,12,40,13,15
mixture,NA,Mix,Mix.86 ,6,12,14,28,14,16,8,17,36,37,11,12,12,18,7,40,10,20,14,16,13,16
mixture,NA,Mix,Mix.87 ,10,13,29,32,16,31,28,33,34,38,16,23,14,15,12,22,15,21,11,13,14,16
mixture,NA,Mix,Mix.88 ,6,13,20,23,16,20,27,37,32,35,11,12,9,15,13,41,18,21,17,19,13,14
mixture,NA,Mix,Mix.89 ,9,14,14,29,25,32,7,23,34,34,20,20,15,25,15,51,11,18,11,16,14,17
mixture,NA,Mix,Mix.90 ,10,16,28,28,9,27,7,9,39,44,8,24,15,23,14,43,18,20,8,9,14,27
mixture,NA,Mix,Mix.91 ,10,16,19,29,15,16,13,15,33,34,9,10,14,16,11,46,19,20,13,35,16,16
mixture,NA,Mix,Mix.92 ,6,19,15,25,16,25,7,30,25,37,14,14,12,15,8,20,15,21,14,36,13,14
mixture,NA,Mix,Mix.93 ,10,19,21,26,14,19,15,22,32,37,9,10,15,18,11,13,20,20,20,22,15,18
mixture,NA,Mix,Mix.94 ,6,9,20,20,12,15,8,15,36,40,11,14,9,19,8,11,21,21,14,19,13,16
mixture,NA,Mix,Mix.95 ,10,11,13,28,20,26,8,22,33,44,3,14,10,13,25,40,15,18,16,21,14,31
mixture,NA,Mix,Mix.96 ,6,6,21,39,20,24,7,16,27,39,13,19,15,25,24,34,10,15,25,42,17,17
mixture,NA,Mix,Mix.97 ,6,13,15,20,13,25,7,35,31,33,7,17,15,27,22,32,15,20,13,16,17,22
mixture,NA,Mix,Mix.98 ,11,23,9,17,19,22,7,15,28,43,18,31,12,22,16,31,17,20,22,49,26,27
mixture,NA,Mix,Mix.99 ,9,15,15,25,18,23,14,18,30,38,9,20,11,22,7,24,15,20,14,33,13,19
mixture,NA,Mix,Mix.100 ,12,22,23,30,11,20,8,14,38,45,14,20,11,14,7,10,17,19,14,31,15,17
mixture,NA,Mix,Mix.101 ,6,12,17,26,16,19,14,23,36,39,11,18,13,28,9,12,15,16,9,15,16,25
mixture,NA,Mix,Mix.102 ,6,6,26,33,12,15,14,14,37,37,10,17,13,18,14,31,18,20,15,15,15,18
mixture,NA,Mix,Mix.103 ,5,9,19,27,16,27,28,28,36,39,12,18,15,15,15,33,10,15,12,19,14,20
mixture,NA,Mix,Mix.104 ,6,10,10,21,15,26,15,23,34,37,9,15,10,19,15,31,15,20,11,14,19,19
mixture,NA,Mix,Mix.105 ,9,10,8,20,24,25,7,19,32,32,14,20,13,16,12,22,15,20,12,32,14,18
mixture,NA,Mix,Mix.106 ,8,12,16,18,15,20,17,34,38,39,13,20,13,33,7,40,14,15,38,44,16,16
mixture,NA,Mix,Mix.107 ,14,14,11,32,20,30,15,21,39,39,7,22,17,18,27,41,15,20,32,37,17,17
mixture,NA,Mix,Mix.108 ,17,22,20,21,16,22,13,14,35,37,20,21,12,13,33,42,18,18,16,30,13,15
mixture,NA,Mix,Mix.109 ,6,6,21,23,13,20,8,38,38,40,11,14,12,14,34,41,10,15,10,23,14,14
mixture,NA,Mix,Mix.110 ,6,11,9,25,17,26,15,15,36,37,11,16,14,26,26,28,14,20,12,18,18,19
mixture,NA,Mix,Mix.111 ,10,17,18,24,13,21,7,27,32,36,6,13,14,14,11,14,10,18,18,22,16,21
mixture,NA,Mix,Mix.112 ,12,12,12,21,17,18,14,25,24,37,18,20,16,18,14,24,10,15,33,36,15,16
mixture,NA,Mix,Mix.113 ,6,18,30,31,14,18,15,15,31,34,10,14,11,14,38,39,10,15,11,13,NA,NA
mixture,NA,Mix,Mix.114 ,5,11,26,28,16,19,8,16,35,38,12,17,14,24,13,33,10,10,23,43,14,17
mixture,NA,Mix,Mix.115 ,6,10,24,32,15,21,17,20,25,33,13,13,11,17,13,33,10,14,38,43,13,14
mixture,NA,Mix,Mix.116 ,10,12,12,13,18,21,8,14,30,35,10,22,9,11,8,37,15,20,13,31,13,15
mixture,NA,Mix,Mix.117 ,11,11,16,19,12,16,7,13,35,35,5,12,23,23,10,37,17,24,13,36,14,14
mixture,NA,Mix,Mix.118 ,12,13,23,24,18,25,7,13,28,31,9,17,9,15,28,31,13,20,11,39,13,18
mixture,NA,Mix,Mix.119 ,6,10,22,30,15,18,13,24,31,37,13,14,14,15,27,32,14,20,25,31,16,19
mixture,NA,Mix,Mix.120 ,9,17,24,36,19,20,7,13,33,39,10,14,11,17,29,35,15,18,13,13,14,16
mixture,NA,Mix,Mix.121 ,5,6,25,29,14,17,14,14,40,46,8,13,14,20,44,44,10,14,19,43,16,21
mixture,NA,Mix,Mix.122 ,6,12,13,25,11,20,13,28,39,42,7,13,11,12,11,31,18,18,14,15,14,15
mixture,NA,Mix,Mix.123 ,9,10,16,24,10,11,28,29,33,45,11,12,18,20,33,36,15,15,19,20,14,17
mixture,NA,Mix,Mix.124 ,6,22,17,27,14,14,7,18,22,31,19,23,10,16,14,21,15,19,10,26,17,17
mixture,NA,Mix,Mix.125 ,15,22,21,32,16,26,15,26,32,36,12,16,12,18,37,48,15,18,17,27,13,17
mixture,NA,Mix,Mix.126 ,15,16,30,33,13,20,13,13,32,38,17,22,13,13,16,26,13,20,14,14,15,20
mixture,NA,Mix,Mix.127 ,14,14,27,29,15,18,16,25,26,40,15,23,16,16,13,33,10,10,35,36,16,17
mixture,NA,Mix,Mix.128 ,9,12,35,39,16,18,14,29,39,41,8,17,9,18,13,36,10,15,12,14,15,15
mixture,NA,Mix,Mix.129 ,5,12,23,24,15,19,7,15,31,40,11,22,12,20,15,32,17,18,13,33,15,17
mixture,NA,Mix,Mix.130 ,11,13,26,30,16,18,8,26,34,37,13,22,13,18,11,40,18,18,15,40,16,18
mixture,NA,Mix,Mix.131 ,6,6,29,30,16,19,18,27,33,36,11,11,18,28,33,35,10,14,20,25,14,16
mixture,NA,Mix,Mix.132 ,8,13,20,24,15,19,13,15,34,35,8,9,11,23,9,29,20,20,11,17,14,20
mixture,NA,Mix,Mix.133 ,7,11,17,29,16,26,18,29,32,34,10,26,15,28,30,30,15,20,7,14,15,32
mixture,NA,Mix,Mix.134 ,13,15,27,28,15,16,28,34,31,38,8,11,12,12,20,33,10,15,31,34,14,16
mixture,NA,Mix,Mix.135 ,5,5,29,37,16,17,28,44,33,35,13,21,5,14,9,35,10,10,39,60,15,16
mixture,NA,Mix,Mix.136 ,11,14,17,23,16,21,7,7,33,33,7,7,13,23,12,34,15,15,32,33,14,15
mixture,NA,Mix,Mix.137 ,14,18,16,22,15,22,16,31,31,33,12,22,18,22,28,29,20,22,11,12,16,21
mixture,NA,Mix,Mix.138 ,11,12,31,35,16,18,12,13,29,34,8,24,13,20,12,32,10,10,13,40,15,16
mixture,NA,Mix,Mix.139 ,11,16,19,19,19,26,16,18,28,35,6,9,9,25,10,14,13,15,21,34,11,13
mixture,NA,Mix,Mix.140 ,7,14,20,27,20,23,7,7,35,42,17,17,5,15,13,37,10,10,23,45,15,16
mixture,NA,Mix,Mix.141 ,13,14,19,26,22,32,14,34,33,34,11,12,9,16,10,30,15,20,11,15,14,15
mixture,NA,Mix,Mix.142 ,9,23,14,29,15,16,16,32,29,33,10,14,13,16,18,29,18,21,13,32,15,17
mixture,NA,Mix,Mix.143 ,6,12,9,15,16,21,11,36,37,40,15,17,12,22,9,13,13,13,11,33,13,15
mixture,NA,Mix,Mix.144 ,5,7,31,34,16,18,7,14,29,34,16,17,12,16,23,32,10,17,15,28,17,23
mixture,NA,Mix,Mix.145 ,9,11,16,31,15,26,13,14,34,38,6,8,14,15,11,30,20,20,12,39,14,18
mixture,NA,Mix,Mix.146 ,11,18,NA,NA,17,19,13,14,34,36,10,21,14,24,10,27,15,20,13,13,13,14
mixture,NA,Mix,Mix.147 ,9,9,10,13,14,18,13,14,32,36,6,11,9,13,8,29,15,18,12,13,16,21
